datetime,surge,flood_depth
2019-10-24 05:00:00,0.0942721399999998,10.43184
2019-10-24 05:06:00,0.0942721399999998,10.43184
2019-10-24 05:12:00,0.0942721399999998,10.43184
2019-10-24 05:18:00,0.0942721399999998,10.43184
2019-10-24 05:24:00,0.0942721399999998,10.43184
2019-10-24 05:30:00,0.0942721399999998,10.43184
2019-10-24 05:36:00,0.0942721399999998,10.43184
2019-10-24 05:42:00,0.0942721399999998,10.43184
2019-10-24 05:48:00,0.0942721399999998,10.43184
2019-10-24 05:54:00,0.0942721399999998,10.43184
2019-10-24 06:00:00,0.0942721399999998,10.43184
2019-10-24 06:06:00,0.0942721399999998,10.43184
2019-10-24 06:12:00,0.0942721399999998,10.43184
2019-10-24 06:18:00,0.0942721399999998,10.43184
2019-10-24 06:24:00,0.0942721399999998,10.43184
2019-10-24 06:30:00,0.0942721399999998,10.43184
2019-10-24 06:36:00,0.0942721399999998,10.43184
2019-10-24 06:42:00,0.0942721399999998,10.43184
2019-10-24 06:48:00,0.0942721399999998,10.43184
2019-10-24 06:54:00,0.0942721399999998,10.43184
2019-10-24 07:00:00,0.0942721399999998,10.43184
2019-10-24 07:06:00,0.0942721399999998,10.43184
2019-10-24 07:12:00,0.0942721399999998,10.43184
2019-10-24 07:18:00,0.0942721399999998,10.43184
2019-10-24 07:24:00,0.0942721399999998,10.43184
2019-10-24 07:30:00,0.0942721399999998,10.43184
2019-10-24 07:36:00,0.0942721399999998,10.43184
2019-10-24 07:42:00,0.0942721399999998,10.43184
2019-10-24 07:48:00,0.0942721399999998,10.43184
2019-10-24 07:54:00,0.0942721399999998,10.43184
2019-10-24 08:00:00,0.0942721399999998,10.43184
2019-10-24 08:06:00,0.0942721399999998,10.43184
2019-10-24 08:12:00,0.0942721399999998,10.43184
2019-10-24 08:18:00,0.0942721399999998,10.43184
2019-10-24 08:24:00,0.0942721399999998,10.43184
2019-10-24 08:30:00,0.0942721399999998,10.43184
2019-10-24 08:36:00,0.0942721399999998,10.43184
2019-10-24 08:42:00,0.0942721399999998,10.43184
2019-10-24 08:48:00,0.0942721399999998,10.43184
2019-10-24 08:54:00,0.0942721399999998,10.43184
2019-10-24 09:00:00,0.0942721399999998,10.43184
2019-10-24 09:06:00,0.0942721399999998,10.43184
2019-10-24 09:12:00,0.0942721399999998,10.43184
2019-10-24 09:18:00,0.0942721399999998,10.43184
2019-10-24 09:24:00,0.0942721399999998,10.43184
2019-10-24 09:30:00,0.0942721399999998,10.43184
2019-10-24 09:36:00,0.0942721399999998,10.43184
2019-10-24 09:42:00,0.0942721399999998,10.43184
2019-10-24 09:48:00,0.0942721399999998,10.43184
2019-10-24 09:54:00,0.0942721399999998,10.43184
2019-10-24 10:00:00,0.0942721399999998,10.43184
2019-10-24 10:06:00,0.0942721399999998,10.43184
2019-10-24 10:12:00,0.0942721399999998,10.43184
2019-10-24 10:18:00,0.0942721399999998,10.43184
2019-10-24 10:24:00,0.0942721399999998,10.43184
2019-10-24 10:30:00,0.0942721399999998,10.43184
2019-10-24 10:36:00,0.0942721399999998,10.43184
2019-10-24 10:42:00,0.0942721399999998,10.43184
2019-10-24 10:48:00,0.0942721399999998,10.43184
2019-10-24 10:54:00,0.0942721399999998,10.43184
2019-10-24 11:00:00,0.0942721399999998,10.43184
2019-10-24 11:06:00,0.0942721399999998,10.43184
2019-10-24 11:12:00,0.0942721399999998,10.43184
2019-10-24 11:18:00,0.0942721399999998,10.43184
2019-10-24 11:24:00,0.0942721399999998,10.43184
2019-10-24 11:30:00,0.0942721399999998,10.43184
2019-10-24 11:36:00,0.0942721399999998,10.43184
2019-10-24 11:42:00,0.0942721399999998,10.43184
2019-10-24 11:48:00,0.0942721399999998,10.43184
2019-10-24 11:54:00,0.0942721399999998,10.43184
2019-10-24 12:00:00,0.0942721399999998,10.43184
2019-10-24 12:06:00,0.0942721399999998,10.43184
2019-10-24 12:12:00,0.0942721399999998,10.43184
2019-10-24 12:18:00,0.0942721399999998,10.43184
2019-10-24 12:24:00,0.0942721399999998,10.43184
2019-10-24 12:30:00,0.0942721399999998,10.43184
2019-10-24 12:36:00,0.0942721399999998,10.43184
2019-10-24 12:42:00,0.0942721399999998,10.43184
2019-10-24 12:48:00,0.0942721399999998,10.43184
2019-10-24 12:54:00,0.0942721399999998,10.43184
2019-10-24 13:00:00,0.0942721399999998,10.43184
2019-10-24 13:06:00,0.0942721399999998,10.43184
2019-10-24 13:12:00,0.0942721399999998,10.43184
2019-10-24 13:18:00,0.0942721399999998,10.43184
2019-10-24 13:24:00,0.0942721399999998,10.43184
2019-10-24 13:30:00,0.0942721399999998,10.43184
2019-10-24 13:36:00,0.0942721399999998,10.43184
2019-10-24 13:42:00,0.0942721399999998,10.43184
2019-10-24 13:48:00,0.0942721399999998,10.43184
2019-10-24 13:54:00,0.0942721399999998,10.43184
2019-10-24 14:00:00,0.0942721399999998,10.43184
2019-10-24 14:06:00,0.0942721399999998,10.43184
2019-10-24 14:12:00,0.0942721399999998,10.43184
2019-10-24 14:18:00,0.0942721399999998,10.43184
2019-10-24 14:24:00,0.0942721399999998,10.43184
2019-10-24 14:30:00,0.0942721399999998,10.43184
2019-10-24 14:36:00,0.0942721399999998,10.43184
2019-10-24 14:42:00,0.0942721399999998,10.43184
2019-10-24 14:48:00,0.0942721399999998,10.43184
2019-10-24 14:54:00,0.0942721399999998,10.43184
2019-10-24 15:00:00,0.0942721399999998,10.43184
2019-10-24 15:06:00,0.0942721399999998,10.43184
2019-10-24 15:12:00,0.0942721399999998,10.43184
2019-10-24 15:18:00,0.0942721399999998,10.43184
2019-10-24 15:24:00,0.0942721399999998,10.43184
2019-10-24 15:30:00,0.0942721399999998,10.43184
2019-10-24 15:36:00,0.0942721399999998,10.43184
2019-10-24 15:42:00,0.0942721399999998,10.43184
2019-10-24 15:48:00,0.0942721399999998,10.43184
2019-10-24 15:54:00,0.0942721399999998,10.43184
2019-10-24 16:00:00,0.0942721399999998,10.43184
2019-10-24 16:06:00,0.0942721399999998,10.43184
2019-10-24 16:12:00,0.0942721399999998,10.43184
2019-10-24 16:18:00,0.0942721399999998,10.43184
2019-10-24 16:24:00,0.0942721399999998,10.43184
2019-10-24 16:30:00,0.0942721399999998,10.43184
2019-10-24 16:36:00,0.0942721399999998,10.43184
2019-10-24 16:42:00,0.0942721399999998,10.43184
2019-10-24 16:48:00,0.0942721399999998,10.43184
2019-10-24 16:54:00,0.0942721399999998,10.43184
2019-10-24 17:00:00,0.0942721399999998,10.43184
2019-10-24 17:06:00,0.0942721399999998,10.43184
2019-10-24 17:12:00,0.0942721399999998,10.43184
2019-10-24 17:18:00,0.0942721399999998,10.43184
2019-10-24 17:24:00,0.0942721399999998,10.43184
2019-10-24 17:30:00,0.0942721399999998,10.43184
2019-10-24 17:36:00,0.0942721399999998,10.43184
2019-10-24 17:42:00,0.0942721399999998,10.43184
2019-10-24 17:48:00,0.0942721399999998,10.43184
2019-10-24 17:54:00,0.0942721399999998,10.43184
2019-10-24 18:00:00,0.0942721399999998,10.43184
2019-10-24 18:06:00,0.0942721399999998,10.43184
2019-10-24 18:12:00,0.0942721399999998,10.43184
2019-10-24 18:18:00,0.0942721399999998,10.43184
2019-10-24 18:24:00,0.0942721399999998,10.43184
2019-10-24 18:30:00,0.0942721399999998,10.43184
2019-10-24 18:36:00,0.0942721399999998,10.43184
2019-10-24 18:42:00,0.0942721399999998,10.43184
2019-10-24 18:48:00,0.0942721399999998,10.43184
2019-10-24 18:54:00,0.0942721399999998,10.43184
2019-10-24 19:00:00,0.0942721399999998,10.43184
2019-10-24 19:06:00,0.0942721399999998,10.43184
2019-10-24 19:12:00,0.0942721399999998,10.43184
2019-10-24 19:18:00,0.0942721399999998,10.43184
2019-10-24 19:24:00,0.0942721399999998,10.43184
2019-10-24 19:30:00,0.0942721399999998,10.43184
2019-10-24 19:36:00,0.0942721399999998,10.43184
2019-10-24 19:42:00,0.0942721399999998,10.43184
2019-10-24 19:48:00,0.0942721399999998,10.43184
2019-10-24 19:54:00,0.0942721399999998,10.43184
2019-10-24 20:00:00,0.0942721399999998,10.43184
2019-10-24 20:06:00,0.0942721399999998,10.43184
2019-10-24 20:12:00,0.0942721399999998,10.43184
2019-10-24 20:18:00,0.0942721399999998,10.43184
2019-10-24 20:24:00,0.0942721399999998,10.43184
2019-10-24 20:30:00,0.0942721399999998,10.43184
2019-10-24 20:36:00,0.0942721399999998,10.43184
2019-10-24 20:42:00,0.0942721399999998,10.43184
2019-10-24 20:48:00,0.0942721399999998,10.43184
2019-10-24 20:54:00,0.0942721399999998,10.43184
2019-10-24 21:00:00,0.0942721399999998,10.43184
2019-10-24 21:06:00,0.0942721399999998,10.43184
2019-10-24 21:12:00,0.0942721399999998,10.43184
2019-10-24 21:18:00,0.0942721399999998,10.43184
2019-10-24 21:24:00,0.0942721399999998,10.43184
2019-10-24 21:30:00,0.0942721399999998,10.43184
2019-10-24 21:36:00,0.0942721399999998,10.43184
2019-10-24 21:42:00,0.0942721399999998,10.43184
2019-10-24 21:48:00,0.0942721399999998,10.43184
2019-10-24 21:54:00,0.0942721399999998,10.43184
2019-10-24 22:00:00,0.0942721399999998,10.43184
2019-10-24 22:06:00,0.0942721399999998,10.43184
2019-10-24 22:12:00,0.0942721399999998,10.43184
2019-10-24 22:18:00,0.0942721399999998,10.43184
2019-10-24 22:24:00,0.0942721399999998,10.43184
2019-10-24 22:30:00,0.0942721399999998,10.43184
2019-10-24 22:36:00,0.0942721399999998,10.43184
2019-10-24 22:42:00,0.0942721399999998,10.43184
2019-10-24 22:48:00,0.0942721399999998,10.43184
2019-10-24 22:54:00,0.0942721399999998,10.43184
2019-10-24 23:00:00,0.0942721399999998,10.43184
2019-10-24 23:06:00,0.0942721399999998,10.43184
2019-10-24 23:12:00,0.0942721399999998,10.43184
2019-10-24 23:18:00,0.0942721399999998,10.43184
2019-10-24 23:24:00,0.0942721399999998,10.43184
2019-10-24 23:30:00,0.0942721399999998,10.43184
2019-10-24 23:36:00,0.0942721399999998,10.43184
2019-10-24 23:42:00,0.0942721399999998,10.43184
2019-10-24 23:48:00,0.0942721399999998,10.43184
2019-10-24 23:54:00,0.0942721399999998,10.43184
2019-10-25 00:00:00,0.0942721399999998,10.43184
2019-10-25 00:06:00,0.0942721399999998,10.43184
2019-10-25 00:12:00,0.0942721399999998,10.43184
2019-10-25 00:18:00,0.0942721399999998,10.43184
2019-10-25 00:24:00,0.0942721399999998,10.43184
2019-10-25 00:30:00,0.0942721399999998,10.43184
2019-10-25 00:36:00,0.0942721399999998,10.43184
2019-10-25 00:42:00,0.0942721399999998,10.43184
2019-10-25 00:48:00,0.0942721399999998,10.43184
2019-10-25 00:54:00,0.0942721399999998,10.43184
2019-10-25 01:00:00,0.0942721399999998,10.43184
2019-10-25 01:06:00,0.0942721399999998,10.43184
2019-10-25 01:12:00,0.0942721399999998,10.43184
2019-10-25 01:18:00,0.0942721399999998,10.43184
2019-10-25 01:24:00,0.0942721399999998,10.43184
2019-10-25 01:30:00,0.0942721399999998,10.43184
2019-10-25 01:36:00,0.0942721399999998,10.43184
2019-10-25 01:42:00,0.0942721399999998,10.43184
2019-10-25 01:48:00,0.0942721399999998,10.43184
2019-10-25 01:54:00,0.0942721399999998,10.43184
2019-10-25 02:00:00,0.0942721399999998,10.43184
2019-10-25 02:06:00,0.0942721399999998,10.43184
2019-10-25 02:12:00,0.0942721399999998,10.43184
2019-10-25 02:18:00,0.0942721399999998,10.43184
2019-10-25 02:24:00,0.0942721399999998,10.43184
2019-10-25 02:30:00,0.0942721399999998,10.43184
2019-10-25 02:36:00,0.0942721399999998,10.43184
2019-10-25 02:42:00,0.0942721399999998,10.43184
2019-10-25 02:48:00,0.0942721399999998,10.43184
2019-10-25 02:54:00,0.0942721399999998,10.43184
2019-10-25 03:00:00,0.0942721399999998,10.43184
2019-10-25 03:06:00,0.0942721399999998,10.43184
2019-10-25 03:12:00,0.0942721399999998,10.43184
2019-10-25 03:18:00,0.0942721399999998,10.43184
2019-10-25 03:24:00,0.0942721399999998,10.43184
2019-10-25 03:30:00,0.0942721399999998,10.43184
2019-10-25 03:36:00,0.0942721399999998,10.43184
2019-10-25 03:42:00,0.0942721399999998,10.43184
2019-10-25 03:48:00,0.0942721399999998,10.43184
2019-10-25 03:54:00,0.0942721399999998,10.43184
2019-10-25 04:00:00,0.0942721399999998,10.43184
2019-10-25 04:06:00,0.0942721399999998,10.43184
2019-10-25 04:12:00,0.0942721399999998,10.43184
2019-10-25 04:18:00,0.0942721399999998,10.43184
2019-10-25 04:24:00,0.0942721399999998,10.43184
2019-10-25 04:30:00,0.0942721399999998,10.43184
2019-10-25 04:36:00,0.0942721399999998,10.43184
2019-10-25 04:42:00,0.0942721399999998,10.43184
2019-10-25 04:48:00,0.0942721399999998,10.43184
2019-10-25 04:54:00,0.0942721399999998,10.43184
2019-10-25 05:00:00,0.0942721399999998,10.43184
2019-10-25 05:06:00,0.0942721399999998,10.43184
2019-10-25 05:12:00,0.0942721399999998,10.43184
2019-10-25 05:18:00,0.0942721399999998,10.43184
2019-10-25 05:24:00,0.0942721399999998,10.43184
2019-10-25 05:30:00,0.0942721399999998,10.43184
2019-10-25 05:36:00,0.0942721400000014,10.43184
2019-10-25 05:42:00,0.0942721400000027,10.43184
2019-10-25 05:48:00,0.0942721400000062,10.43184
2019-10-25 05:54:00,0.0942721400000086,10.43184
2019-10-25 06:00:00,0.0942721400000103,10.43184
2019-10-25 06:06:00,0.0942721400000136,10.43184
2019-10-25 06:12:00,0.0942721400000176,10.43184
2019-10-25 06:18:00,0.0942721400000216,10.43184
2019-10-25 06:24:00,0.0942721400000278,10.43184
2019-10-25 06:30:00,0.0942721400000313,10.43184
2019-10-25 06:36:00,0.0942721400000357,10.43184
2019-10-25 06:42:00,0.0942721400000426,10.43184
2019-10-25 06:48:00,0.0942721400000497,10.43184
2019-10-25 06:54:00,0.0942721400000559,10.43184
2019-10-25 07:00:00,0.094272140000065,10.43184
2019-10-25 07:06:00,0.0942721400000728,10.43184
2019-10-25 07:12:00,0.094272140000084,10.43184
2019-10-25 07:18:00,0.0942721400000952,10.43184
2019-10-25 07:24:00,0.0942721400001088,10.43184
2019-10-25 07:30:00,0.0942721400001216,10.43184
2019-10-25 07:36:00,0.0942721400001385,10.43184
2019-10-25 07:42:00,0.0942721400001565,10.43184
2019-10-25 07:48:00,0.0942721400001761,10.43184
2019-10-25 07:54:00,0.0942721400001959,10.43184
2019-10-25 08:00:00,0.0942721400002179,10.43184
2019-10-25 08:06:00,0.0942721400002423,10.43184
2019-10-25 08:12:00,0.0942721400002733,10.43184
2019-10-25 08:18:00,0.0942721400003097,10.43184
2019-10-25 08:24:00,0.0942721400003496,10.43184
2019-10-25 08:30:00,0.0942721400003966,10.43184
2019-10-25 08:36:00,0.0942721400004465,10.43184
2019-10-25 08:42:00,0.0942721400004996,10.43184
2019-10-25 08:48:00,0.0942721400005626,10.43184
2019-10-25 08:54:00,0.0942721400006356,10.43184
2019-10-25 09:00:00,0.0942721400007096,10.43184
2019-10-25 09:06:00,0.0942721400007867,10.43184
2019-10-25 09:12:00,0.0942721400008771,10.43184
2019-10-25 09:18:00,0.0942721400009798,10.43184
2019-10-25 09:24:00,0.0942721400010964,10.43184
2019-10-25 09:30:00,0.0942721400012236,10.43184
2019-10-25 09:36:00,0.094272140001365,10.43184
2019-10-25 09:42:00,0.0942721400015127,10.43184
2019-10-25 09:48:00,0.0942721400016698,10.43184
2019-10-25 09:54:00,0.0942721400018523,10.43184
2019-10-25 10:00:00,0.0942721400020556,10.43184
2019-10-25 10:06:00,0.0942721400022734,10.43184
2019-10-25 10:12:00,0.0942721400024972,10.43184
2019-10-25 10:18:00,0.0942721400027576,10.43184
2019-10-25 10:24:00,0.094272140003053,10.43184
2019-10-25 10:30:00,0.0942721400033565,10.43184
2019-10-25 10:36:00,0.0942721400036889,10.43184
2019-10-25 10:42:00,0.0942721400040615,10.43184
2019-10-25 10:48:00,0.0942721400044711,10.43184
2019-10-25 10:54:00,0.0942721400048992,10.43184
2019-10-25 11:00:00,0.0942721400053803,10.43184
2019-10-25 11:06:00,0.0942721400058993,10.43184
2019-10-25 11:12:00,0.0942721400064719,10.43184
2019-10-25 11:18:00,0.0942721400070881,10.43184
2019-10-25 11:24:00,0.0942721400077437,10.43184
2019-10-25 11:30:00,0.0942721400084718,10.43184
2019-10-25 11:36:00,0.0942721400092767,10.43184
2019-10-25 11:42:00,0.094272140010122,10.43184
2019-10-25 11:48:00,0.0942721400110278,10.43184
2019-10-25 11:54:00,0.0942721400120373,10.43184
2019-10-25 12:00:00,0.0942721400131408,10.43184
2019-10-25 12:06:00,0.0942721400143001,10.43184
2019-10-25 12:12:00,0.0942721400155419,10.43184
2019-10-25 12:18:00,0.0942721400169189,10.43184
2019-10-25 12:24:00,0.0942721400184182,10.43184
2019-10-25 12:30:00,0.0942721400199795,10.43184
2019-10-25 12:36:00,0.0942721400216668,10.43184
2019-10-25 12:42:00,0.0942721400235464,10.43184
2019-10-25 12:48:00,0.0942721400255335,10.43184
2019-10-25 12:54:00,0.0942721400276204,10.43184
2019-10-25 13:00:00,0.0942721400299177,10.43184
2019-10-25 13:06:00,0.0942721400324124,10.43184
2019-10-25 13:12:00,0.094272140035009,10.43184
2019-10-25 13:18:00,0.0942721400377816,10.43184
2019-10-25 13:24:00,0.0942721400408664,10.43184
2019-10-25 13:30:00,0.0942721400441758,10.43184
2019-10-25 13:36:00,0.0942721400475813,10.43184
2019-10-25 13:42:00,0.0942721400511916,10.43184
2019-10-25 13:48:00,0.0942721400551222,10.43184
2019-10-25 13:54:00,0.0942721400593141,10.43184
2019-10-25 14:00:00,0.0942721400637533,10.43184
2019-10-25 14:06:00,0.0942721400684271,10.43184
2019-10-25 14:12:00,0.0942721400732298,10.43184
2019-10-25 14:18:00,0.094272140078132,10.43184
2019-10-25 14:24:00,0.0942721400832877,10.43184
2019-10-25 14:30:00,0.0942721400887311,10.43184
2019-10-25 14:36:00,0.0942721400943855,10.43184
2019-10-25 14:42:00,0.0942721401001989,10.43184
2019-10-25 14:48:00,0.0942721401063457,10.43184
2019-10-25 14:54:00,0.0942721401127823,10.43184
2019-10-25 15:00:00,0.0942721401194796,10.43184
2019-10-25 15:06:00,0.0942721401264265,10.43184
2019-10-25 15:12:00,0.0942721401336996,10.43184
2019-10-25 15:18:00,0.0942721401412628,10.43184
2019-10-25 15:24:00,0.0942721401490069,10.43184
2019-10-25 15:30:00,0.094272140157141,10.43184
2019-10-25 15:36:00,0.0942721401656865,10.43184
2019-10-25 15:42:00,0.0942721401745133,10.43184
2019-10-25 15:48:00,0.0942721401835565,10.43184
2019-10-25 15:54:00,0.0942721401930585,10.43184
2019-10-25 16:00:00,0.0942721402030046,10.43184
2019-10-25 16:06:00,0.0942721402132804,10.43184
2019-10-25 16:12:00,0.0942721402237392,10.43184
2019-10-25 16:18:00,0.0942721402348151,10.43184
2019-10-25 16:24:00,0.0942721402464947,10.43184
2019-10-25 16:30:00,0.0942721402582049,10.43184
2019-10-25 16:36:00,0.0942721402702427,10.43184
2019-10-25 16:42:00,0.0942721402830531,10.43184
2019-10-25 16:48:00,0.0942721402964513,10.43184
2019-10-25 16:54:00,0.0942721403096672,10.43184
2019-10-25 17:00:00,0.094272140323757,10.43184
2019-10-25 17:06:00,0.0942721403382994,10.43184
2019-10-25 17:12:00,0.094272140353461,10.43184
2019-10-25 17:18:00,0.0942721403690511,10.43184
2019-10-25 17:24:00,0.0942721403848455,10.43184
2019-10-25 17:30:00,0.0942721404014968,10.43184
2019-10-25 17:36:00,0.0942721404189733,10.43184
2019-10-25 17:42:00,0.0942721404364127,10.43184
2019-10-25 17:48:00,0.0942721404542612,10.43184
2019-10-25 17:54:00,0.094272140473165,10.43184
2019-10-25 18:00:00,0.0942721404928485,10.43184
2019-10-25 18:06:00,0.0942721405125313,10.43184
2019-10-25 18:12:00,0.0942721405326545,10.43184
2019-10-25 18:18:00,0.0942721405538962,10.43184
2019-10-25 18:24:00,0.0942721405760019,10.43184
2019-10-25 18:30:00,0.0942721405979888,10.43184
2019-10-25 18:36:00,0.0942721406206153,10.43184
2019-10-25 18:42:00,0.094272140644679,10.43184
2019-10-25 18:48:00,0.0942721406689959,10.43184
2019-10-25 18:54:00,0.0942721406933755,10.43184
2019-10-25 19:00:00,0.0942721407190568,10.43184
2019-10-25 19:06:00,0.094272140745712,10.43184
2019-10-25 19:12:00,0.0942721407722329,10.43184
2019-10-25 19:18:00,0.0942721407991911,10.43184
2019-10-25 19:24:00,0.0942721408275753,10.43184
2019-10-25 19:30:00,0.0942721408569367,10.43184
2019-10-25 19:36:00,0.0942721408860727,10.43184
2019-10-25 19:42:00,0.094272140915794,10.43184
2019-10-25 19:48:00,0.0942721409468442,10.43184
2019-10-25 19:54:00,0.0942721409785574,10.43184
2019-10-25 20:00:00,0.0942721410108105,10.43184
2019-10-25 20:06:00,0.0942721410449456,10.43184
2019-10-25 20:12:00,0.0942721410815121,10.43184
2019-10-25 20:18:00,0.0942721411200607,10.43184
2019-10-25 20:24:00,0.0942721411613197,10.43184
2019-10-25 20:30:00,0.0942721412052998,10.43184
2019-10-25 20:36:00,0.0942721412514348,10.43184
2019-10-25 20:42:00,0.0942721412994227,10.43184
2019-10-25 20:48:00,0.0942721413508332,10.43184
2019-10-25 20:54:00,0.0942721414053538,10.43184
2019-10-25 21:00:00,0.0942721414627975,10.43184
2019-10-25 21:06:00,0.0942721415231435,10.43184
2019-10-25 21:12:00,0.0942721415870937,10.43184
2019-10-25 21:18:00,0.094272141654443,10.43184
2019-10-25 21:24:00,0.0942721417242587,10.43184
2019-10-25 21:30:00,0.0942721417984689,10.43184
2019-10-25 21:36:00,0.0942721418773911,10.43184
2019-10-25 21:42:00,0.0942721419599162,10.43184
2019-10-25 21:48:00,0.0942721420455027,10.43184
2019-10-25 21:54:00,0.0942721421365139,10.43184
2019-10-25 22:00:00,0.094272142232925,10.43184
2019-10-25 22:06:00,0.0942721423337279,10.43184
2019-10-25 22:12:00,0.0942721424375029,10.43184
2019-10-25 22:18:00,0.0942721425487424,10.43184
2019-10-25 22:24:00,0.094272142667404,10.43184
2019-10-25 22:30:00,0.0942721427877959,10.43184
2019-10-25 22:36:00,0.0942721429130206,10.43184
2019-10-25 22:42:00,0.094272143047799,10.43184
2019-10-25 22:48:00,0.0942721431904578,10.43184
2019-10-25 22:54:00,0.0942721433327184,10.43184
2019-10-25 23:00:00,0.0942721434861934,10.43184
2019-10-25 23:06:00,0.0942721436469918,10.43184
2019-10-25 23:12:00,0.094272143817483,10.43184
2019-10-25 23:18:00,0.0942721439955184,10.43184
2019-10-25 23:24:00,0.0942721441782532,10.43184
2019-10-25 23:30:00,0.0942721443715494,10.43184
2019-10-25 23:36:00,0.094272144575674,10.43184
2019-10-25 23:42:00,0.0942721447814781,10.43184
2019-10-25 23:48:00,0.0942721449943669,10.43184
2019-10-25 23:54:00,0.094272145222288,10.43184
2019-10-26 00:00:00,0.0942721454622915,10.43184
2019-10-26 00:06:00,0.0942721457048948,10.43184
2019-10-26 00:12:00,0.0942721459556085,10.43184
2019-10-26 00:18:00,0.0942721462230476,10.43184
2019-10-26 00:24:00,0.0942721465043696,10.43184
2019-10-26 00:30:00,0.0942721467870737,10.43184
2019-10-26 00:36:00,0.0942721470809905,10.43184
2019-10-26 00:42:00,0.094272147396847,10.43184
2019-10-26 00:48:00,0.0942721477196753,10.43184
2019-10-26 00:54:00,0.0942721480468459,10.43184
2019-10-26 01:00:00,0.0942721483950183,10.43184
2019-10-26 01:06:00,0.094272148759659,10.43184
2019-10-26 01:12:00,0.0942721491252601,10.43184
2019-10-26 01:18:00,0.0942721495004973,10.43184
2019-10-26 01:24:00,0.094272149899641,10.43184
2019-10-26 01:30:00,0.0942721503167105,10.43184
2019-10-26 01:36:00,0.0942721507344516,10.43184
2019-10-26 01:42:00,0.0942721511646361,10.43184
2019-10-26 01:48:00,0.0942721516183774,10.43184
2019-10-26 01:54:00,0.0942721520863701,10.43184
2019-10-26 02:00:00,0.0942721525682588,10.43184
2019-10-26 02:06:00,0.0942721530800615,10.43184
2019-10-26 02:12:00,0.0942721536230208,10.43184
2019-10-26 02:18:00,0.0942721542058257,10.43184
2019-10-26 02:24:00,0.0942721548501535,10.43184
2019-10-26 02:30:00,0.094272155560475,10.43184
2019-10-26 02:36:00,0.0942721563300551,10.43184
2019-10-26 02:42:00,0.0942721571543766,10.43184
2019-10-26 02:48:00,0.0942721580638214,10.43184
2019-10-26 02:54:00,0.094272159056128,10.43184
2019-10-26 03:00:00,0.0942721601329149,10.43184
2019-10-26 03:06:00,0.0942721612964769,10.43184
2019-10-26 03:12:00,0.0942721625654704,10.43184
2019-10-26 03:18:00,0.0942721639393394,10.43184
2019-10-26 03:24:00,0.0942721654037885,10.43184
2019-10-26 03:30:00,0.094272167003035,10.43184
2019-10-26 03:36:00,0.0942721687504551,10.43184
2019-10-26 03:42:00,0.0942721706271998,10.43184
2019-10-26 03:48:00,0.0942721726251236,10.43184
2019-10-26 03:54:00,0.0942721748055965,10.43184
2019-10-26 04:00:00,0.0942721771750805,10.43184
2019-10-26 04:06:00,0.0942721797172295,10.43184
2019-10-26 04:12:00,0.0942721823997237,10.43184
2019-10-26 04:18:00,0.0942721853472375,10.43184
2019-10-26 04:24:00,0.094272188568496,10.43184
2019-10-26 04:30:00,0.0942721919161405,10.43184
2019-10-26 04:36:00,0.0942721954794967,10.43184
2019-10-26 04:42:00,0.0942721994032108,10.43184
2019-10-26 04:48:00,0.0942722036530961,10.43184
2019-10-26 04:54:00,0.0942722079858561,10.43184
2019-10-26 05:00:00,0.0942722127611888,10.43184
2019-10-26 05:06:00,0.0942722178555455,10.43184
2019-10-26 05:12:00,0.0942722233384732,10.43184
2019-10-26 05:18:00,0.0942722291608715,10.43184
2019-10-26 05:24:00,0.094272235243928,10.43184
2019-10-26 05:30:00,0.0942722418595956,10.43184
2019-10-26 05:36:00,0.0942722490154101,10.43184
2019-10-26 05:42:00,0.094272256373917,10.43184
2019-10-26 05:48:00,0.0942722641258067,10.43184
2019-10-26 05:54:00,0.0942722725713465,10.43184
2019-10-26 06:00:00,0.0942722816198231,10.43184
2019-10-26 06:06:00,0.0942722909200141,10.43184
2019-10-26 06:12:00,0.0942723006875498,10.43184
2019-10-26 06:18:00,0.0942723112693239,10.43184
2019-10-26 06:24:00,0.0942723225762966,10.43184
2019-10-26 06:30:00,0.0942723341066072,10.43184
2019-10-26 06:36:00,0.0942723462699708,10.43184
2019-10-26 06:42:00,0.0942723595167584,10.43184
2019-10-26 06:48:00,0.0942723732295998,10.43184
2019-10-26 06:54:00,0.0942723872877534,10.43184
2019-10-26 07:00:00,0.0942724024270385,10.43184
2019-10-26 07:06:00,0.0942724184822688,10.43184
2019-10-26 07:12:00,0.094272434793317,10.43184
2019-10-26 07:18:00,0.0942724517252239,10.43184
2019-10-26 07:24:00,0.0942724699767531,10.43184
2019-10-26 07:30:00,0.0942724893054498,10.43184
2019-10-26 07:36:00,0.0942725088968141,10.43184
2019-10-26 07:42:00,0.0942725292804465,10.43184
2019-10-26 07:48:00,0.0942725508447688,10.43184
2019-10-26 07:54:00,0.0942725730986598,10.43184
2019-10-26 08:00:00,0.0942725960505274,10.43184
2019-10-26 08:06:00,0.0942726199804798,10.43184
2019-10-26 08:12:00,0.0942726447065584,10.43184
2019-10-26 08:18:00,0.0942726700170653,10.43184
2019-10-26 08:24:00,0.0942726965441798,10.43184
2019-10-26 08:30:00,0.0942727243135584,10.43184
2019-10-26 08:36:00,0.0942727529112031,10.43184
2019-10-26 08:42:00,0.0942727820662641,10.43184
2019-10-26 08:48:00,0.094272812581445,10.43184
2019-10-26 08:54:00,0.0942728441884712,10.43184
2019-10-26 09:00:00,0.0942728767080482,10.43184
2019-10-26 09:06:00,0.0942729100920355,10.43184
2019-10-26 09:12:00,0.0942729446056385,10.43184
2019-10-26 09:18:00,0.0942729800571569,10.43184
2019-10-26 09:24:00,0.0942730158474798,10.43184
2019-10-26 09:30:00,0.0942730529015032,10.43184
2019-10-26 09:36:00,0.0942730912205931,10.43184
2019-10-26 09:42:00,0.0942731301631239,10.43184
2019-10-26 09:48:00,0.0942731693816205,10.43184
2019-10-26 09:54:00,0.0942732098576998,10.43184
2019-10-26 10:00:00,0.0942732514294825,10.43184
2019-10-26 10:06:00,0.0942732935260665,10.43184
2019-10-26 10:12:00,0.0942733355024641,10.43184
2019-10-26 10:18:00,0.0942733790128385,10.43184
2019-10-26 10:24:00,0.0942734238640343,10.43184
2019-10-26 10:30:00,0.0942734677826895,10.43184
2019-10-26 10:36:00,0.0942735118819308,10.431848620689657
2019-10-26 10:42:00,0.0942735576404998,10.43185
2019-10-26 10:48:00,0.0942736042742998,10.43185
2019-10-26 10:54:00,0.0942736490651479,10.43185
2019-10-26 11:00:00,0.0942736955117998,10.43185
2019-10-26 11:06:00,0.0942737421271998,10.43185
2019-10-26 11:12:00,0.0942737893016205,10.43185
2019-10-26 11:18:00,0.0942738363412331,10.43185
2019-10-26 11:24:00,0.0942738825552855,10.43185
2019-10-26 11:30:00,0.0942739297377095,10.43185
2019-10-26 11:36:00,0.094273977645586,10.43185
2019-10-26 11:42:00,0.0942740238457584,10.43185
2019-10-26 11:48:00,0.0942740695513791,10.43185
2019-10-26 11:54:00,0.0942741162674665,10.43185
2019-10-26 12:00:00,0.0942741631530998,10.43185
2019-10-26 12:06:00,0.0942742083277855,10.43185
2019-10-26 12:12:00,0.0942742527942665,10.43185
2019-10-26 12:18:00,0.0942742979641032,10.43185
2019-10-26 12:24:00,0.0942743430924837,10.43185
2019-10-26 12:30:00,0.0942743862202961,10.43185
2019-10-26 12:36:00,0.0942744287847417,10.43185
2019-10-26 12:42:00,0.0942744721941377,10.43185
2019-10-26 12:48:00,0.0942745141668998,10.43185
2019-10-26 12:54:00,0.0942745544710355,10.43185
2019-10-26 13:00:00,0.0942745950530321,10.43185
2019-10-26 13:06:00,0.0942746352959308,10.43185
2019-10-26 13:12:00,0.0942746734954481,10.43185
2019-10-26 13:18:00,0.0942747105682412,10.43185
2019-10-26 13:24:00,0.0942747477770998,10.43185
2019-10-26 13:30:00,0.0942747844146665,10.43185
2019-10-26 13:36:00,0.0942748190159998,10.43185
2019-10-26 13:42:00,0.0942748525904665,10.43185
2019-10-26 13:48:00,0.0942748859364481,10.43185
2019-10-26 13:54:00,0.0942749182557665,10.43185
2019-10-26 14:00:00,0.0942749494314481,10.43185
2019-10-26 14:06:00,0.0942749798179998,10.43185
2019-10-26 14:12:00,0.0942750091183791,10.43185
2019-10-26 14:18:00,0.094275037026655,10.43185
2019-10-26 14:24:00,0.0942750642278665,10.43185
2019-10-26 14:30:00,0.0942750907056205,10.43185
2019-10-26 14:36:00,0.0942751160216331,10.43185
2019-10-26 14:42:00,0.0942751400384284,10.43185
2019-10-26 14:48:00,0.0942751634316449,10.43185
2019-10-26 14:54:00,0.0942751860101069,10.43185
2019-10-26 15:00:00,0.0942752075724192,10.43185
2019-10-26 15:06:00,0.0942752281706784,10.43185
2019-10-26 15:12:00,0.0942752479413546,10.43185
2019-10-26 15:18:00,0.0942752668394284,10.43185
2019-10-26 15:24:00,0.0942752845681998,10.43185
2019-10-26 15:30:00,0.0942753016628619,10.43185
2019-10-26 15:36:00,0.0942753181010331,10.43185
2019-10-26 15:42:00,0.0942753336444136,10.43185
2019-10-26 15:48:00,0.0942753482164136,10.43185
2019-10-26 15:54:00,0.0942753622218665,10.43185
2019-10-26 16:00:00,0.0942753756182067,10.43185
2019-10-26 16:06:00,0.0942753882385998,10.43185
2019-10-26 16:12:00,0.0942753999589284,10.43185
2019-10-26 16:18:00,0.0942754112702256,10.43185
2019-10-26 16:24:00,0.0942754221964825,10.43185
2019-10-26 16:30:00,0.0942754322648619,10.43185
2019-10-26 16:36:00,0.094275441619655,10.43185
2019-10-26 16:42:00,0.0942754506182665,10.43185
2019-10-26 16:48:00,0.0942754591703331,10.43185
2019-10-26 16:54:00,0.0942754668578146,10.43185
2019-10-26 17:00:00,0.0942754743126665,10.43185
2019-10-26 17:06:00,0.0942754812997331,10.43185
2019-10-26 17:12:00,0.0942754879133446,10.43185
2019-10-26 17:18:00,0.0942754940736998,10.43185
2019-10-26 17:24:00,0.0942754997416069,10.43185
2019-10-26 17:30:00,0.094275505155774,10.43185
2019-10-26 17:36:00,0.0942755103041377,10.43185
2019-10-26 17:42:00,0.0942755149518619,10.43185
2019-10-26 17:48:00,0.0942755192654826,10.43185
2019-10-26 17:54:00,0.0942755233999998,10.43185
2019-10-26 18:00:00,0.0942755272891998,10.43185
2019-10-26 18:06:00,0.0942755308061784,10.43185
2019-10-26 18:12:00,0.0942755340560998,10.43185
2019-10-26 18:18:00,0.0942755371568619,10.43185
2019-10-26 18:24:00,0.0942755400627095,10.43185
2019-10-26 18:30:00,0.0942755426799998,10.43185
2019-10-26 18:36:00,0.0942755451132901,10.43185
2019-10-26 18:42:00,0.0942755474508963,10.43185
2019-10-26 18:48:00,0.0942755495755665,10.43185
2019-10-26 18:54:00,0.0942755514996427,10.43185
2019-10-26 19:00:00,0.0942755533254514,10.43185
2019-10-26 19:06:00,0.0942755550334136,10.43185
2019-10-26 19:12:00,0.0942755565631032,10.43185
2019-10-26 19:18:00,0.094275557966655,10.43185
2019-10-26 19:24:00,0.0942755592979998,10.43185
2019-10-26 19:30:00,0.0942755605367665,10.43185
2019-10-26 19:36:00,0.0942755616438927,10.43185
2019-10-26 19:42:00,0.0942755626608998,10.43185
2019-10-26 19:48:00,0.094275563618517,10.43185
2019-10-26 19:54:00,0.0942755644973998,10.43185
2019-10-26 20:00:00,0.0942755653018274,10.43185
2019-10-26 20:06:00,0.0942755660453665,10.43185
2019-10-26 20:12:00,0.0942755667260343,10.43185
2019-10-26 20:18:00,0.0942755673419308,10.43185
2019-10-26 20:24:00,0.0942755679127331,10.43185
2019-10-26 20:30:00,0.0942755684413791,10.43185
2019-10-26 20:36:00,0.0942755689220998,10.43185
2019-10-26 20:42:00,0.0942755693566784,10.43185
2019-10-26 20:48:00,0.094275569759903,10.43185
2019-10-26 20:54:00,0.0942755701310712,10.43185
2019-10-26 21:00:00,0.094275570468903,10.43185
2019-10-26 21:06:00,0.0942755707773212,10.43185
2019-10-26 21:12:00,0.0942755710596127,10.43185
2019-10-26 21:18:00,0.0942755713177498,10.43185
2019-10-26 21:24:00,0.0942755715491331,10.43185
2019-10-26 21:30:00,0.0942755717626895,10.43185
2019-10-26 21:36:00,0.0942755719593998,10.43185
2019-10-26 21:42:00,0.0942755721374826,10.43185
2019-10-26 21:48:00,0.0942755722974481,10.43185
2019-10-26 21:54:00,0.0942755724449998,10.43185
2019-10-26 22:00:00,0.0942755725804826,10.43185
2019-10-26 22:06:00,0.0942755727029665,10.43185
2019-10-26 22:12:00,0.0942755728124998,10.43185
2019-10-26 22:18:00,0.0942755729140321,10.43185
2019-10-26 22:24:00,0.0942755730079653,10.43185
2019-10-26 22:30:00,0.0942755730903101,10.43185
2019-10-26 22:36:00,0.094275573164655,10.43185
2019-10-26 22:42:00,0.0942755732341665,10.43185
2019-10-26 22:48:00,0.0942755732977331,10.43185
2019-10-26 22:54:00,0.0942755733528146,10.43185
2019-10-26 23:00:00,0.0942755734042998,10.43185
2019-10-26 23:06:00,0.0942755734509331,10.43185
2019-10-26 23:12:00,0.0942755734934481,10.43185
2019-10-26 23:18:00,0.0942755735318665,10.43185
2019-10-26 23:24:00,0.0942755735659998,10.43185
2019-10-26 23:30:00,0.0942755735975482,10.43185
2019-10-26 23:36:00,0.094275573626586,10.43185
2019-10-26 23:42:00,0.0942755736518963,10.43185
2019-10-26 23:48:00,0.0942755736747239,10.43185
2019-10-26 23:54:00,0.0942755736959331,10.43185
2019-10-27 00:00:00,0.0942755737152998,10.43185
2019-10-27 00:06:00,0.0942755737322855,10.43185
2019-10-27 00:12:00,0.0942755737474998,10.43185
2019-10-27 00:18:00,0.094275573761655,10.43185
2019-10-27 00:24:00,0.0942755737744837,10.43185
2019-10-27 00:30:00,0.0942755737857776,10.43185
2019-10-27 00:36:00,0.0942755737959353,10.43185
2019-10-27 00:42:00,0.094275573805517,10.43185
2019-10-27 00:48:00,0.0942755738137998,10.43185
2019-10-27 00:54:00,0.0942755738212498,10.43185
2019-10-27 01:00:00,0.0942755738280966,10.43185
2019-10-27 01:06:00,0.0942755738343446,10.43185
2019-10-27 01:12:00,0.0942755738398619,10.43185
2019-10-27 01:18:00,0.0942755738447239,10.43185
2019-10-27 01:24:00,0.0942755738492331,10.43185
2019-10-27 01:30:00,0.0942755738534665,10.43185
2019-10-27 01:36:00,0.0942755738570712,10.43185
2019-10-27 01:42:00,0.0942755738602998,10.43185
2019-10-27 01:48:00,0.0942755738631722,10.43185
2019-10-27 01:54:00,0.0942755738658998,10.43185
2019-10-27 02:00:00,0.0942755738682412,10.43185
2019-10-27 02:06:00,0.0942755738704331,10.43185
2019-10-27 02:12:00,0.0942755738723791,10.43185
2019-10-27 02:18:00,0.0942755738740343,10.43185
2019-10-27 02:24:00,0.0942755738755998,10.43185
2019-10-27 02:30:00,0.0942755738770688,10.43185
2019-10-27 02:36:00,0.0942755738783331,10.43185
2019-10-27 02:42:00,0.0942755738793927,10.43185
2019-10-27 02:48:00,0.0942755738804837,10.43185
2019-10-27 02:54:00,0.0942755738813569,10.43185
2019-10-27 03:00:00,0.0942755738821288,10.43185
2019-10-27 03:06:00,0.0942755738829998,10.43185
2019-10-27 03:12:00,0.094275573883645,10.43185
2019-10-27 03:18:00,0.0942755738839998,10.43185
2019-10-27 03:24:00,0.0942755738848998,10.43185
2019-10-27 03:30:00,0.0942755738849998,10.43185
2019-10-27 03:36:00,0.0942755738857665,10.43185
2019-10-27 03:42:00,0.0942755738859998,10.43185
2019-10-27 03:48:00,0.0942755738860688,10.43185
2019-10-27 03:54:00,0.0942755738869998,10.43185
2019-10-27 04:00:00,0.0942755738869998,10.43185
2019-10-27 04:06:00,0.0942755738869998,10.43185
2019-10-27 04:12:00,0.0942755738870355,10.43185
2019-10-27 04:18:00,0.0942755738879998,10.43185
2019-10-27 04:24:00,0.0942755738879998,10.43185
2019-10-27 04:30:00,0.0942755738879998,10.43185
2019-10-27 04:36:00,0.0942755738879998,10.43185
2019-10-27 04:42:00,0.0942755738879998,10.43185
2019-10-27 04:48:00,0.0942755738879998,10.43185
2019-10-27 04:54:00,0.0942755738879998,10.43185
2019-10-27 05:00:00,0.0942755738887331,10.43185
2019-10-27 05:06:00,0.0942755738889998,10.43185
2019-10-27 05:12:00,0.0942755738889998,10.43185
2019-10-27 05:18:00,0.0942755738889998,10.43185
2019-10-27 05:24:00,0.0942755738889998,10.43185
2019-10-27 05:30:00,0.0942755738889998,10.43185
2019-10-27 05:36:00,0.0942755738889998,10.43185
2019-10-27 05:42:00,0.0942755738889998,10.43185
2019-10-27 05:48:00,0.0942755738889998,10.43185
2019-10-27 05:54:00,0.0942755738889998,10.43185
2019-10-27 06:00:00,0.0942755738889998,10.43185
2019-10-27 06:06:00,0.0942755738889998,10.43185
2019-10-27 06:12:00,0.0942755738889998,10.43185
2019-10-27 06:18:00,0.0942755738889998,10.43185
2019-10-27 06:24:00,0.0942755738889998,10.43185
2019-10-27 06:30:00,0.0942755738889998,10.43185
2019-10-27 06:36:00,0.0942755738889998,10.43185
2019-10-27 06:42:00,0.0942755738889998,10.43185
2019-10-27 06:48:00,0.0942755738889998,10.43185
2019-10-27 06:54:00,0.0942755738889998,10.43185
2019-10-27 07:00:00,0.0942755738889998,10.43185
2019-10-27 07:06:00,0.0942755738889998,10.43185
2019-10-27 07:12:00,0.0942755738889998,10.43185
2019-10-27 07:18:00,0.0942755738889998,10.43185
2019-10-27 07:24:00,0.0942755738889998,10.43185
2019-10-27 07:30:00,0.0942755738889998,10.43185
2019-10-27 07:36:00,0.0942755738889998,10.43185
2019-10-27 07:42:00,0.0942755738889998,10.43185
2019-10-27 07:48:00,0.0942755738889998,10.43185
2019-10-27 07:54:00,0.0942755738889998,10.43185
2019-10-27 08:00:00,0.0942755738889998,10.43185
2019-10-27 08:06:00,0.0942755738889998,10.43185
2019-10-27 08:12:00,0.0942755738889998,10.43185
2019-10-27 08:18:00,0.0942755738889998,10.43185
2019-10-27 08:24:00,0.0942755738889998,10.43185
2019-10-27 08:30:00,0.0942755738889998,10.43185
2019-10-27 08:36:00,0.0942755738889998,10.43185
2019-10-27 08:42:00,0.0942755738889998,10.43185
2019-10-27 08:48:00,0.0942755738889998,10.43185
2019-10-27 08:54:00,0.0942755738889998,10.43185
2019-10-27 09:00:00,0.0942755738889998,10.43185
2019-10-27 09:06:00,0.0942755738889998,10.43185
2019-10-27 09:12:00,0.0942755738889998,10.43185
2019-10-27 09:18:00,0.0942755738889998,10.43185
2019-10-27 09:24:00,0.0942755738889998,10.43185
2019-10-27 09:30:00,0.0942755738889998,10.43185
2019-10-27 09:36:00,0.0942755738889998,10.43185
2019-10-27 09:42:00,0.0942755738889998,10.43185
2019-10-27 09:48:00,0.0942755738889998,10.43185
2019-10-27 09:54:00,0.0942755738889998,10.43185
2019-10-27 10:00:00,0.0942755738889998,10.43185
2019-10-27 10:06:00,0.0942755738889998,10.43185
2019-10-27 10:12:00,0.0942755738889998,10.43185
2019-10-27 10:18:00,0.0942755738889998,10.43185
2019-10-27 10:24:00,0.0942755738889998,10.43185
2019-10-27 10:30:00,0.0942755738889998,10.43185
2019-10-27 10:36:00,0.0942755738889998,10.43185
2019-10-27 10:42:00,0.0942755738889998,10.43185
2019-10-27 10:48:00,0.0942755738889998,10.43185
2019-10-27 10:54:00,0.0942755738889998,10.43185
2019-10-27 11:00:00,0.0942755738889998,10.43185
2019-10-27 11:06:00,0.0942755738889998,10.43185
2019-10-27 11:12:00,0.0942755738889998,10.43185
2019-10-27 11:18:00,0.0942755738889998,10.43185
2019-10-27 11:24:00,0.0942755738889998,10.43185
2019-10-27 11:30:00,0.0942755738889998,10.43185
2019-10-27 11:36:00,0.0942755738889998,10.43185
2019-10-27 11:42:00,0.0942755738889998,10.43185
2019-10-27 11:48:00,0.0942755738889998,10.43185
2019-10-27 11:54:00,0.0942755738889998,10.43185
2019-10-27 12:00:00,0.0942755738889998,10.43185
2019-10-27 12:06:00,0.0942755738889998,10.43185
2019-10-27 12:12:00,0.0942755738889998,10.43185
2019-10-27 12:18:00,0.0942755738889998,10.43185
2019-10-27 12:24:00,0.0942755738889998,10.43185
2019-10-27 12:30:00,0.0942755738889998,10.43185
2019-10-27 12:36:00,0.0942755738889998,10.43185
2019-10-27 12:42:00,0.0942755738889998,10.43185
2019-10-27 12:48:00,0.0942755738889998,10.43185
2019-10-27 12:54:00,0.0942755738889998,10.43185
2019-10-27 13:00:00,0.0942755738889998,10.43185
2019-10-27 13:06:00,0.0942755738889998,10.43185
2019-10-27 13:12:00,0.0942755738889998,10.43185
2019-10-27 13:18:00,0.0942755738889998,10.43185
2019-10-27 13:24:00,0.0942755738889998,10.43185
2019-10-27 13:30:00,0.0942755738889998,10.43185
2019-10-27 13:36:00,0.0942755738889998,10.43185
2019-10-27 13:42:00,0.0942755738889998,10.43185
2019-10-27 13:48:00,0.0942755738889998,10.43185
2019-10-27 13:54:00,0.0942755738889998,10.43185
2019-10-27 14:00:00,0.0942755738889998,10.43185
2019-10-27 14:06:00,0.0942755738889998,10.43185
2019-10-27 14:12:00,0.0942755738889998,10.43185
2019-10-27 14:18:00,0.0942755738889998,10.43185
2019-10-27 14:24:00,0.0942755738889998,10.43185
2019-10-27 14:30:00,0.0942755738889998,10.43185
2019-10-27 14:36:00,0.0942755738889998,10.43185
2019-10-27 14:42:00,0.0942755738889998,10.43185
2019-10-27 14:48:00,0.0942755738889998,10.43185
2019-10-27 14:54:00,0.0942755738889998,10.43185
2019-10-27 15:00:00,0.0942755738889998,10.43185
2019-10-27 15:06:00,0.0942755738889998,10.43185
2019-10-27 15:12:00,0.0942755738889998,10.43185
2019-10-27 15:18:00,0.0942755738889998,10.43185
2019-10-27 15:24:00,0.0942755738889998,10.43185
2019-10-27 15:30:00,0.0942755738889998,10.43185
2019-10-27 15:36:00,0.0942755738889998,10.43185
2019-10-27 15:42:00,0.0942755738889998,10.43185
2019-10-27 15:48:00,0.0942755738889998,10.43185
2019-10-27 15:54:00,0.0942755738889998,10.43185
2019-10-27 16:00:00,0.0942755738889998,10.43185
2019-10-27 16:06:00,0.0942755738889998,10.43185
2019-10-27 16:12:00,0.0942755738889998,10.43185
2019-10-27 16:18:00,0.0942755738889998,10.43185
2019-10-27 16:24:00,0.0942755738889998,10.43185
2019-10-27 16:30:00,0.0942755738889998,10.43185
2019-10-27 16:36:00,0.0942755738889998,10.43185
2019-10-27 16:42:00,0.0942755738889998,10.43185
2019-10-27 16:48:00,0.0942755738889998,10.43185
2019-10-27 16:54:00,0.0942755738889998,10.43185
2019-10-27 17:00:00,0.0942755738889998,10.43185
2019-10-27 17:06:00,0.0942755738889998,10.43185
2019-10-27 17:12:00,0.0942755738889998,10.43185
2019-10-27 17:18:00,0.0942755738889998,10.43185
2019-10-27 17:24:00,0.0942755738889998,10.43185
2019-10-27 17:30:00,0.0942755738889998,10.43185
2019-10-27 17:36:00,0.0942755738889998,10.43185
2019-10-27 17:42:00,0.0942755738889998,10.43185
2019-10-27 17:48:00,0.0942755738889998,10.43185
2019-10-27 17:54:00,0.0942755738889998,10.43185
2019-10-27 18:00:00,0.0942755738889998,10.43185
2019-10-27 18:06:00,0.0942755738889998,10.43185
2019-10-27 18:12:00,0.0942755738889998,10.43185
2019-10-27 18:18:00,0.0942755738889998,10.43185
2019-10-27 18:24:00,0.0942755738889998,10.43185
2019-10-27 18:30:00,0.0942755738889998,10.43185
2019-10-27 18:36:00,0.0942755738889998,10.43185
2019-10-27 18:42:00,0.0942755738889998,10.43185
2019-10-27 18:48:00,0.0942755738889998,10.43185
2019-10-27 18:54:00,0.0942755738889998,10.43185
2019-10-27 19:00:00,0.0942755738889998,10.43185
2019-10-27 19:06:00,0.0942755738889998,10.43185
2019-10-27 19:12:00,0.0942755738889998,10.43185
2019-10-27 19:18:00,0.0942755738889998,10.43185
2019-10-27 19:24:00,0.0942755738889998,10.43185
2019-10-27 19:30:00,0.0942755738889998,10.43185
2019-10-27 19:36:00,0.0942755738889998,10.43185
2019-10-27 19:42:00,0.0942755738889998,10.43185
2019-10-27 19:48:00,0.0942755738889998,10.43185
2019-10-27 19:54:00,0.0942755738889998,10.43185
2019-10-27 20:00:00,0.0942755738889998,10.43185
2019-10-27 20:06:00,0.0942755738889998,10.43185
2019-10-27 20:12:00,0.0942755738889998,10.43185
2019-10-27 20:18:00,0.0942755738889998,10.43185
2019-10-27 20:24:00,0.0942755738889998,10.43185
2019-10-27 20:30:00,0.0942755738889998,10.43185
2019-10-27 20:36:00,0.0942755738889998,10.43185
2019-10-27 20:42:00,0.0942755738889998,10.43185
2019-10-27 20:48:00,0.0942755738889998,10.43185
2019-10-27 20:54:00,0.0942755738889998,10.43185
2019-10-27 21:00:00,0.0942755738889998,10.43185
2019-10-27 21:06:00,0.0942755738889998,10.43185
2019-10-27 21:12:00,0.0942755738889998,10.43185
2019-10-27 21:18:00,0.0942755738889998,10.43185
2019-10-27 21:24:00,0.0942755738889998,10.43185
2019-10-27 21:30:00,0.0942755738889998,10.43185
2019-10-27 21:36:00,0.0942755738889998,10.43185
2019-10-27 21:42:00,0.0942755738889998,10.43185
2019-10-27 21:48:00,0.0942755738889998,10.43185
2019-10-27 21:54:00,0.0942755738889998,10.43185
2019-10-27 22:00:00,0.0942755738889998,10.43185
2019-10-27 22:06:00,0.0942755738889998,10.43185
2019-10-27 22:12:00,0.0942755738889998,10.43185
2019-10-27 22:18:00,0.0942755738889998,10.43185
2019-10-27 22:24:00,0.0942755738889998,10.43185
2019-10-27 22:30:00,0.0942755738889998,10.43185
2019-10-27 22:36:00,0.0942755738889998,10.43185
2019-10-27 22:42:00,0.0942755738889998,10.43185
2019-10-27 22:48:00,0.0942755738889998,10.43185
2019-10-27 22:54:00,0.0942755738889998,10.43185
2019-10-27 23:00:00,0.0942755738889998,10.43185
2019-10-27 23:06:00,0.0942755738889998,10.43185
2019-10-27 23:12:00,0.0942755738889998,10.43185
2019-10-27 23:18:00,0.0942755738889998,10.43185
2019-10-27 23:24:00,0.0942755738889998,10.43185
2019-10-27 23:30:00,0.0942755738889998,10.43185
2019-10-27 23:36:00,0.0942755738889998,10.43185
2019-10-27 23:42:00,0.0942755738889998,10.43185
2019-10-27 23:48:00,0.0942755738889998,10.43185
2019-10-27 23:54:00,0.0942755738889998,10.43185
2019-10-28 00:00:00,0.0942755738889998,10.43185
2019-10-28 00:06:00,0.0942755738889998,10.43185
2019-10-28 00:12:00,0.0942755738889998,10.43185
2019-10-28 00:18:00,0.0942755738889998,10.43185
2019-10-28 00:24:00,0.0942755738889998,10.43185
2019-10-28 00:30:00,0.0942755738889998,10.43185
2019-10-28 00:36:00,0.0942755738889998,10.43185
2019-10-28 00:42:00,0.0942755738889998,10.43185
2019-10-28 00:48:00,0.0942755738889998,10.43185
2019-10-28 00:54:00,0.0942755738889998,10.43185
2019-10-28 01:00:00,0.0942755738889998,10.43185
2019-10-28 01:06:00,0.0942755738889998,10.43185
2019-10-28 01:12:00,0.0942755738889998,10.43185
2019-10-28 01:18:00,0.0942755738889998,10.43185
2019-10-28 01:24:00,0.0942755738889998,10.43185
2019-10-28 01:30:00,0.0942755738889998,10.43185
2019-10-28 01:36:00,0.0942755738889998,10.43185
2019-10-28 01:42:00,0.0942755738889998,10.43185
2019-10-28 01:48:00,0.0942755738889998,10.43185
2019-10-28 01:54:00,0.0942755738889998,10.43185
2019-10-28 02:00:00,0.0942755738889998,10.43185
2019-10-28 02:06:00,0.0942755738889998,10.43185
2019-10-28 02:12:00,0.0942755738889998,10.43185
2019-10-28 02:18:00,0.0942755738889998,10.43185
2019-10-28 02:24:00,0.0942755738889998,10.43185
2019-10-28 02:30:00,0.0942755738889998,10.43185
2019-10-28 02:36:00,0.0942755738889998,10.43185
2019-10-28 02:42:00,0.0942755738889998,10.43185
2019-10-28 02:48:00,0.0942755738889998,10.43185
2019-10-28 02:54:00,0.0942755738889998,10.43185
2019-10-28 03:00:00,0.0942755738889998,10.43185
2019-10-28 03:06:00,0.0942755738889998,10.43185
2019-10-28 03:12:00,0.0942755738889998,10.43185
2019-10-28 03:18:00,0.0942755738889998,10.43185
2019-10-28 03:24:00,0.0942755738889998,10.43185
2019-10-28 03:30:00,0.0942755738889998,10.43185
2019-10-28 03:36:00,0.0942755738889998,10.43185
2019-10-28 03:42:00,0.0942755738889998,10.43185
2019-10-28 03:48:00,0.0942755738889998,10.43185
2019-10-28 03:54:00,0.0942755738889998,10.43185
2019-10-28 04:00:00,0.0942755738889998,10.43185
2019-10-28 04:06:00,0.0942755738889998,10.43185
2019-10-28 04:12:00,0.0942755738889998,10.43185
2019-10-28 04:18:00,0.0942755738889998,10.43185
2019-10-28 04:24:00,0.0942755738889998,10.43185
2019-10-28 04:30:00,0.0942755738889998,10.43185
2019-10-28 04:36:00,0.0942755738889998,10.43185
2019-10-28 04:42:00,0.0942755738889998,10.43185
2019-10-28 04:48:00,0.0942755738889998,10.43185
2019-10-28 04:54:00,0.0942755738889998,10.43185
2019-10-28 05:00:00,0.0942755738889998,10.43185
2019-10-28 05:06:00,0.0942755738889998,10.43185
2019-10-28 05:12:00,0.0942755738889998,10.43185
2019-10-28 05:18:00,0.0942755738889998,10.43185
2019-10-28 05:24:00,0.0942755738889998,10.43185
2019-10-28 05:30:00,0.0942755738889998,10.43185
2019-10-28 05:36:00,0.0942755738889998,10.43185
2019-10-28 05:42:00,0.0942755738889998,10.43185
2019-10-28 05:48:00,0.0942755738889998,10.43185
2019-10-28 05:54:00,0.0942755738889998,10.43185
2019-10-28 06:00:00,0.0942755738889998,10.43185
2019-10-28 06:06:00,0.0942755738889998,10.43185
2019-10-28 06:12:00,0.0942755738889998,10.43185
2019-10-28 06:18:00,0.0942755738889998,10.43185
2019-10-28 06:24:00,0.0942755738889998,10.43185
2019-10-28 06:30:00,0.0942755738889998,10.43185
2019-10-28 06:36:00,0.0942755738889998,10.43185
2019-10-28 06:42:00,0.0942755738889998,10.43185
2019-10-28 06:48:00,0.0942755738889998,10.43185
2019-10-28 06:54:00,0.0942755738889998,10.43185
2019-10-28 07:00:00,0.0942755738889998,10.43185
2019-10-28 07:06:00,0.0942755738889998,10.43185
2019-10-28 07:12:00,0.0942755738889998,10.43185
2019-10-28 07:18:00,0.0942755738889998,10.43185
2019-10-28 07:24:00,0.0942755738889998,10.43185
2019-10-28 07:30:00,0.0942755738889998,10.43185
2019-10-28 07:36:00,0.0942755738889998,10.43185
2019-10-28 07:42:00,0.0942755738889998,10.43185
2019-10-28 07:48:00,0.0942755738889998,10.43185
2019-10-28 07:54:00,0.0942755738889998,10.43185
2019-10-28 08:00:00,0.0942755738889998,10.43185
2019-10-28 08:06:00,0.0942755738889998,10.43185
2019-10-28 08:12:00,0.0942755738889998,10.43185
2019-10-28 08:18:00,0.0942755738889998,10.43185
2019-10-28 08:24:00,0.0942755738889998,10.43185
2019-10-28 08:30:00,0.0942755738889998,10.43185
2019-10-28 08:36:00,0.0942755738889998,10.43185
2019-10-28 08:42:00,0.0942755738889998,10.43185
2019-10-28 08:48:00,0.0942755738889998,10.43185
2019-10-28 08:54:00,0.0942755738889998,10.43185
2019-10-28 09:00:00,0.0942755738889998,10.43185
2019-10-28 09:06:00,0.0942755738889998,10.43185
2019-10-28 09:12:00,0.0942755738889998,10.43185
2019-10-28 09:18:00,0.0942755738889998,10.43185
2019-10-28 09:24:00,0.0942755738889998,10.43185
2019-10-28 09:30:00,0.0942755738889998,10.43185
2019-10-28 09:36:00,0.0942755738889998,10.43185
2019-10-28 09:42:00,0.0942755738889998,10.43185
2019-10-28 09:48:00,0.0942755738889998,10.43185
2019-10-28 09:54:00,0.0942755738889998,10.43185
2019-10-28 10:00:00,0.0942755738889998,10.43185
2019-10-28 10:06:00,0.0942755738889998,10.43185
2019-10-28 10:12:00,0.0942755738889998,10.43185
2019-10-28 10:18:00,0.0942755738889998,10.43185
2019-10-28 10:24:00,0.0942755738889998,10.43185
2019-10-28 10:30:00,0.0942755738889998,10.43185
2019-10-28 10:36:00,0.0942755738889998,10.43185
2019-10-28 10:42:00,0.0942755738889998,10.43185
2019-10-28 10:48:00,0.0942755738889998,10.43185
2019-10-28 10:54:00,0.0942755738889998,10.43185
2019-10-28 11:00:00,0.0942755738889998,10.43185
2019-10-28 11:06:00,0.0942755738889998,10.43185
2019-10-28 11:12:00,0.0942755738889998,10.43185
2019-10-28 11:18:00,0.0942755738889998,10.43185
2019-10-28 11:24:00,0.0942755738889998,10.43185
2019-10-28 11:30:00,0.0942755738889998,10.43185
2019-10-28 11:36:00,0.0942755738889998,10.43185
2019-10-28 11:42:00,0.0942755738889998,10.43185
2019-10-28 11:48:00,0.0942755738889998,10.43185
2019-10-28 11:54:00,0.0942755738889998,10.43185
2019-10-28 12:00:00,0.0942755738889998,10.43185
2019-10-28 12:06:00,0.0942755738889998,10.43185
2019-10-28 12:12:00,0.0942755738889998,10.43185
2019-10-28 12:18:00,0.0942755738889998,10.43185
2019-10-28 12:24:00,0.0942755738889998,10.43185
2019-10-28 12:30:00,0.0942755738889998,10.43185
2019-10-28 12:36:00,0.0942755738889998,10.43185
2019-10-28 12:42:00,0.0942755738889998,10.43185
2019-10-28 12:48:00,0.0942755738889998,10.43185
2019-10-28 12:54:00,0.0942755738889998,10.43185
2019-10-28 13:00:00,0.0942755738889998,10.43185
2019-10-28 13:06:00,0.0942755738889998,10.43185
2019-10-28 13:12:00,0.0942755738889998,10.43185
2019-10-28 13:18:00,0.0942755738889998,10.43185
2019-10-28 13:24:00,0.0942755738889998,10.43185
2019-10-28 13:30:00,0.0942755738889998,10.43185
2019-10-28 13:36:00,0.0942755738889998,10.43185
2019-10-28 13:42:00,0.0942755738889998,10.43185
2019-10-28 13:48:00,0.0942755738889998,10.43185
2019-10-28 13:54:00,0.0942755738889998,10.43185
2019-10-28 14:00:00,0.0942755738889998,10.43185
2019-10-28 14:06:00,0.0942755738889998,10.43185
2019-10-28 14:12:00,0.0942755738889998,10.43185
2019-10-28 14:18:00,0.0942755738889998,10.43185
2019-10-28 14:24:00,0.0942755738889998,10.43185
2019-10-28 14:30:00,0.0942755738889998,10.43185
2019-10-28 14:36:00,0.0942755738889998,10.43185
2019-10-28 14:42:00,0.0942755738889998,10.43185
2019-10-28 14:48:00,0.0942755738889998,10.43185
2019-10-28 14:54:00,0.0942755738889998,10.43185
2019-10-28 15:00:00,0.0942755738889998,10.43185
2019-10-28 15:06:00,0.0942755738889998,10.43185
2019-10-28 15:12:00,0.0942755738889998,10.43185
2019-10-28 15:18:00,0.0942755738889998,10.43185
2019-10-28 15:24:00,0.0942755738889998,10.43185
2019-10-28 15:30:00,0.0942755738889998,10.43185
2019-10-28 15:36:00,0.0942755738889998,10.43185
2019-10-28 15:42:00,0.0942755738889998,10.43185
2019-10-28 15:48:00,0.0942755738889998,10.43185
2019-10-28 15:54:00,0.0942755738889998,10.43185
2019-10-28 16:00:00,0.0942755738889998,10.43185
2019-10-28 16:06:00,0.0942755738889998,10.43185
2019-10-28 16:12:00,0.0942755738889998,10.43185
2019-10-28 16:18:00,0.0942755738889998,10.43185
2019-10-28 16:24:00,0.0942755738889998,10.43185
2019-10-28 16:30:00,0.0942755738889998,10.43185
2019-10-28 16:36:00,0.0942755738889998,10.43185
2019-10-28 16:42:00,0.0942755738889998,10.43185
2019-10-28 16:48:00,0.0942755738889998,10.43185
2019-10-28 16:54:00,0.0942755738889998,10.43185
2019-10-28 17:00:00,0.0942755738889998,10.43185
2019-10-28 17:06:00,0.0942755738889998,10.43185
2019-10-28 17:12:00,0.0942755738889998,10.43185
2019-10-28 17:18:00,0.0942755738889998,10.43185
2019-10-28 17:24:00,0.0942755738889998,10.43185
2019-10-28 17:30:00,0.0942755738889998,10.43185
2019-10-28 17:36:00,0.0942755738889998,10.43185
2019-10-28 17:42:00,0.0942755738889998,10.43185
2019-10-28 17:48:00,0.0942755738889998,10.43185
2019-10-28 17:54:00,0.0942755738889998,10.43185
2019-10-28 18:00:00,0.0942755738889998,10.43185
2019-10-28 18:06:00,0.0942755738889998,10.43185
2019-10-28 18:12:00,0.0942755738889998,10.43185
2019-10-28 18:18:00,0.0942755738889998,10.43185
2019-10-28 18:24:00,0.0942755738889998,10.43185
2019-10-28 18:30:00,0.0942755738889998,10.43185
2019-10-28 18:36:00,0.0942755738889998,10.43185
2019-10-28 18:42:00,0.0942755738889998,10.43185
2019-10-28 18:48:00,0.0942755738889998,10.43185
2019-10-28 18:54:00,0.0942755738889998,10.43185
2019-10-28 19:00:00,0.0942755738889998,10.43185
2019-10-28 19:06:00,0.0942755738889998,10.43185
2019-10-28 19:12:00,0.0942755738889998,10.43185
2019-10-28 19:18:00,0.0942755738889998,10.43185
2019-10-28 19:24:00,0.0942755738889998,10.43185
2019-10-28 19:30:00,0.0942755738889998,10.43185
2019-10-28 19:36:00,0.0942755738889998,10.43185
2019-10-28 19:42:00,0.0942755738889998,10.43185
2019-10-28 19:48:00,0.0942755738889998,10.43185
2019-10-28 19:54:00,0.0942755738889998,10.43185
2019-10-28 20:00:00,0.0942755738889998,10.43185
2019-10-28 20:06:00,0.0942755738889998,10.43185
2019-10-28 20:12:00,0.0942755738889998,10.43185
2019-10-28 20:18:00,0.0942755738889998,10.43185
2019-10-28 20:24:00,0.0942755738889998,10.43185
2019-10-28 20:30:00,0.0942755738889998,10.43185
2019-10-28 20:36:00,0.0942755738889998,10.43185
2019-10-28 20:42:00,0.0942755738889998,10.43185
2019-10-28 20:48:00,0.0942755738889998,10.43185
2019-10-28 20:54:00,0.0942755738889998,10.43185
2019-10-28 21:00:00,0.0942755738889998,10.43185
2019-10-28 21:06:00,0.0942755738889998,10.43185
2019-10-28 21:12:00,0.0942755738889998,10.43185
2019-10-28 21:18:00,0.0942755738889998,10.43185
2019-10-28 21:24:00,0.0942755738889998,10.43185
2019-10-28 21:30:00,0.0942755738889998,10.43185
2019-10-28 21:36:00,0.0942755738889998,10.43185
2019-10-28 21:42:00,0.0942755738889998,10.43185
2019-10-28 21:48:00,0.0942755738889998,10.43185
2019-10-28 21:54:00,0.0942755738889998,10.43185
2019-10-28 22:00:00,0.0942755738889998,10.43185
2019-10-28 22:06:00,0.0942755738889998,10.43185
2019-10-28 22:12:00,0.0942755738889998,10.43185
2019-10-28 22:18:00,0.0942755738889998,10.431850000000004
2019-10-28 22:24:00,0.0942755738889998,10.43185
2019-10-28 22:30:00,0.0942755738889998,10.43185
2019-10-28 22:36:00,0.0942755738889998,10.43185
2019-10-28 22:42:00,0.0942755738889998,10.43185
2019-10-28 22:48:00,0.0942755738889998,10.43185
2019-10-28 22:54:00,0.0942755738889998,10.43185
2019-10-28 23:00:00,0.0942755738889998,10.43185
2019-10-28 23:06:00,0.0942755738889998,10.43185
2019-10-28 23:12:00,0.0942755738889998,10.43185
2019-10-28 23:18:00,0.0942755738889998,10.43185
2019-10-28 23:24:00,0.0942755738889998,10.43185
2019-10-28 23:30:00,0.0942755738889998,10.43185
2019-10-28 23:36:00,0.0942755738889998,10.43185
2019-10-28 23:42:00,0.0942755738889998,10.43185
2019-10-28 23:48:00,0.0942755738889998,10.43185
2019-10-28 23:54:00,0.0942755738889998,10.43185
2019-10-29 00:00:00,0.0942755738889998,10.43185
2019-10-29 00:06:00,0.0942755738889998,10.43185
2019-10-29 00:12:00,0.0942755738889998,10.43185
2019-10-29 00:18:00,0.0942755738889998,10.43185
2019-10-29 00:24:00,0.0942755738889998,10.43185
2019-10-29 00:30:00,0.0942755738889998,10.43185
2019-10-29 00:36:00,0.1025827606634569,11.082714
2019-10-29 00:42:00,0.1143702696774191,10.451940967741937
2019-10-29 00:48:00,0.1215010124324322,11.674724594594595
2019-10-29 00:54:00,0.1252129411764703,11.124242058823528
2019-10-29 01:00:00,0.1484563444117645,11.14748588235294
2019-10-29 01:06:00,0.1570419973529409,11.156071176470588
2019-10-29 01:12:00,0.1715491267647056,11.17057794117647
2019-10-29 01:18:00,0.2439547155882351,11.242982647058824
2019-10-29 01:24:00,0.3101376953191487,13.040215531914894
2019-10-29 01:30:00,0.493710656129032,10.831282258064515
2019-10-29 01:36:00,0.3514288252941174,11.4607
2019-10-29 01:42:00,0.559710798064516,14.64554241935484
2019-10-29 01:48:00,0.913463324126984,14.999295238095238
2019-10-29 01:54:00,0.9032287787096772,14.989060645161292
2019-10-29 02:00:00,0.988341056129032,15.07417258064516
2019-10-29 02:06:00,1.1080214641935484,15.193854032258065
2019-10-29 02:12:00,1.1932408225396824,15.2790726984127
2019-10-29 02:18:00,1.2601113980645158,15.345942903225806
2019-10-29 02:24:00,1.329241010967742,15.415072903225806
2019-10-29 02:30:00,1.4423298335483867,15.52816177419355
2019-10-29 02:36:00,1.5270965844444442,15.612928095238097
2019-10-29 02:42:00,1.5675248980645162,15.653356451612904
2019-10-29 02:48:00,1.693869349677419,15.779700645161292
2019-10-29 02:54:00,1.7500763496774194,15.835907903225806
2019-10-29 03:00:00,1.8199283463492064,15.905760634920634
2019-10-29 03:06:00,1.908765236774193,15.994596612903226
2019-10-29 03:12:00,1.946496656129032,16.032327580645163
2019-10-29 03:18:00,2.028569520952381,16.11440111111111
2019-10-29 03:24:00,2.1002668335483867,16.18609870967742
2019-10-29 03:30:00,2.205811381935484,16.29164306451613
2019-10-29 03:36:00,2.317093156129032,16.402925161290323
2019-10-29 03:42:00,2.4578898701587297,16.543721269841267
2019-10-29 03:48:00,2.5757674464516125,16.661599032258064
2019-10-29 03:54:00,2.6643075916129035,16.750138870967742
2019-10-29 04:00:00,2.704951607741935,16.79078306451613
2019-10-29 04:06:00,2.6746190130158727,16.760450634920637
2019-10-29 04:12:00,2.64818764,16.734019032258065
2019-10-29 04:18:00,2.6254036722580643,16.711235322580645
2019-10-29 04:24:00,2.611359769032258,16.697190967741935
2019-10-29 04:30:00,2.5010291399999995,16.586860476190473
2019-10-29 04:36:00,2.349411898064516,16.43524306451613
2019-10-29 04:42:00,2.2454445593548384,16.331275483870968
2019-10-29 04:48:00,2.131478220645161,16.217310322580644
2019-10-29 04:54:00,2.005505623870968,16.091336774193547
2019-10-29 05:00:00,1.8809479336507933,15.966779365079365
2019-10-29 05:06:00,1.75830078516129,15.844132741935484
2019-10-29 05:12:00,1.6319674625806448,15.717798225806453
2019-10-29 05:18:00,1.5057636077419354,15.591594838709678
2019-10-29 05:24:00,1.3960165844444443,15.481848412698412
2019-10-29 05:30:00,1.3024425916129028,15.388274677419355
2019-10-29 05:36:00,1.213834027096774,15.299664838709678
2019-10-29 05:42:00,1.128457462580645,15.214288387096774
2019-10-29 05:48:00,1.1068409495238094,15.19267253968254
2019-10-29 05:54:00,1.0152000677777775,14.476321666666664
2019-10-29 06:00:00,0.6064298446511626,13.123222325581397
2019-10-29 06:06:00,0.7720163754838708,14.857847903225808
2019-10-29 06:12:00,0.8140253141935483,14.89985758064516
2019-10-29 06:18:00,0.7094871034920633,14.795318253968254
2019-10-29 06:24:00,0.6624157303225805,14.748247096774191
2019-10-29 06:30:00,0.6860252641935483,14.771856774193548
2019-10-29 06:36:00,0.6730253930612243,13.764420816326531
2019-10-29 06:42:00,0.561293656129032,10.898864838709676
2019-10-29 06:48:00,0.4629121493749998,10.8004834375
2019-10-29 06:54:00,0.3997660529032256,10.737339032258063
2019-10-29 07:00:00,0.3651462367741933,10.702716451612902
2019-10-29 07:06:00,0.3599095690322578,10.697480967741935
2019-10-29 07:12:00,0.3488873371428569,11.650297714285715
2019-10-29 07:18:00,0.2832714066666664,12.06248076923077
2019-10-29 07:24:00,0.2528124939682537,14.338644285714286
2019-10-29 07:30:00,0.2360637581818179,14.151519848484847
2019-10-29 07:36:00,0.2181084803225804,14.30394
2019-10-29 07:42:00,0.2008495172580643,14.286681451612903
2019-10-29 07:48:00,0.1762372664814812,13.63735925925926
2019-10-29 07:54:00,0.1707597522580643,14.256591129032255
2019-10-29 08:00:00,0.1585569188709675,14.244388225806452
2019-10-29 08:06:00,0.1391320298214283,13.823364821428571
2019-10-29 08:12:00,0.1255376538709675,14.211369193548386
2019-10-29 08:18:00,0.1205529014285712,14.206383809523809
2019-10-29 08:24:00,0.1137151038709675,14.199546451612903
2019-10-29 08:30:00,0.1074336264516127,14.193265
2019-10-29 08:36:00,0.102709996629032,14.188542096774194
2019-10-29 08:42:00,0.0995981625161288,14.185429193548387
2019-10-29 08:48:00,0.0978148809682537,14.183646825396826
2019-10-29 08:54:00,0.0970919005111109,12.683619333333334
2019-10-29 09:00:00,0.0992774050862066,13.991232931034482
2019-10-29 09:06:00,0.1120284687096772,14.19786
2019-10-29 09:12:00,0.107896880645161,14.193729193548387
2019-10-29 09:18:00,0.1072587708571426,14.193090952380953
2019-10-29 09:24:00,0.1023370046774191,14.1881685483871
2019-10-29 09:30:00,0.1020186767954543,12.65447159090909
2019-10-29 09:36:00,0.1014845755749997,12.125773
2019-10-29 09:42:00,0.1037955013548385,10.441366774193549
2019-10-29 09:48:00,0.1027911164062498,10.4403625
2019-10-29 09:54:00,0.1009699735161288,10.438540645161291
2019-10-29 10:00:00,0.1002661880322578,10.43783806451613
2019-10-29 10:06:00,0.1149201851935481,10.45249193548387
2019-10-29 10:12:00,0.1732012493548385,10.510772258064517
2019-10-29 10:18:00,0.2172875335483869,10.55486
2019-10-29 10:24:00,0.2294691464516127,10.567040967741937
2019-10-29 10:30:00,0.2278649399999997,10.56543612903226
2019-10-29 10:36:00,0.224289456129032,10.561861612903224
2019-10-29 10:42:00,0.2183766722580643,10.555948387096771
2019-10-29 10:48:00,0.2232275493749998,10.560799375
2019-10-29 10:54:00,0.2199080270967739,10.55748064516129
2019-10-29 11:00:00,0.2155135462499998,10.553084375
2019-10-29 11:06:00,0.212048291612903,10.549620322580646
2019-10-29 11:12:00,0.2121833464516127,10.54975387096774
2019-10-29 11:18:00,0.2106396819354836,10.548211612903224
2019-10-29 11:24:00,0.2095491303225804,10.547120967741936
2019-10-29 11:30:00,0.2050045432258062,10.542574838709678
2019-10-29 11:36:00,0.2072955464516127,10.544867096774192
2019-10-29 11:42:00,0.2080765432258062,10.545648387096774
2019-10-29 11:48:00,0.2082467087499998,10.5458184375
2019-10-29 11:54:00,0.2081327690322578,10.545704193548389
2019-10-29 12:00:00,0.2080221238709675,10.545593548387096
2019-10-29 12:06:00,0.2079841787096772,10.545553870967742
2019-10-29 12:12:00,0.2079891303225804,10.54556129032258
2019-10-29 12:18:00,0.2080014012903223,10.545572903225809
2019-10-29 12:24:00,0.208007456129032,10.54558
2019-10-29 12:30:00,0.2080081432258062,10.54558
2019-10-29 12:36:00,0.2080069980645159,10.54558
2019-10-29 12:42:00,0.2080061587499998,10.54558
2019-10-29 12:48:00,0.2080059399999998,10.54558
2019-10-29 12:54:00,0.2080060174193546,10.54558
2019-10-29 13:00:00,0.2080061303225804,10.54558
2019-10-29 13:06:00,0.2080061399999998,10.54558
2019-10-29 13:12:00,0.2080061399999998,10.54558
2019-10-29 13:18:00,0.2080061399999998,10.54558
2019-10-29 13:24:00,0.2080061399999998,10.54558
2019-10-29 13:30:00,0.2080061399999998,10.54558
2019-10-29 13:36:00,0.2080061399999998,10.54558
2019-10-29 13:42:00,0.2080061399999998,10.54558
2019-10-29 13:48:00,0.2080061399999998,10.54558
2019-10-29 13:54:00,0.2080061399999998,10.54558
2019-10-29 14:00:00,0.2080061399999998,10.54558
2019-10-29 14:06:00,0.2080061399999998,10.54558
2019-10-29 14:12:00,0.2080061399999998,10.54558
2019-10-29 14:18:00,0.2080061399999998,10.54558
2019-10-29 14:24:00,0.2080061399999998,10.54558
2019-10-29 14:30:00,0.2080061399999998,10.54558
2019-10-29 14:36:00,0.2080061399999998,10.54558
2019-10-29 14:42:00,0.2080061399999998,10.54558
2019-10-29 14:48:00,0.2080061399999998,10.54558
2019-10-29 14:54:00,0.2080061399999998,10.54558
2019-10-29 15:00:00,0.2080061399999998,10.54558
2019-10-29 15:06:00,0.2080061399999998,10.54558
2019-10-29 15:12:00,0.2080061399999998,10.54558
2019-10-29 15:18:00,0.2080061399999998,10.54558
2019-10-29 15:24:00,0.2080061399999998,10.54558
2019-10-29 15:30:00,0.2080061399999998,10.54558
2019-10-29 15:36:00,0.2080061399999998,10.54558
2019-10-29 15:42:00,0.2080061399999998,10.54558
2019-10-29 15:48:00,0.2080061399999998,10.54558
2019-10-29 15:54:00,0.2080061399999998,10.54558
2019-10-29 16:00:00,0.2080061399999998,10.54558
2019-10-29 16:06:00,0.2080061399999998,10.54558
2019-10-29 16:12:00,0.2080061399999998,10.54558
2019-10-29 16:18:00,0.2080061399999998,10.54558
2019-10-29 16:24:00,0.2080061399999998,10.54558
2019-10-29 16:30:00,0.2080061399999998,10.54558
2019-10-29 16:36:00,0.2080061399999998,10.54558
2019-10-29 16:42:00,0.2080061399999998,10.54558
2019-10-29 16:48:00,0.2080061399999998,10.54558
2019-10-29 16:54:00,0.2080061399999998,10.54558
